"Feature1","Feature2","Feature3","Feature4","Feature5","Feature6","Feature7","Feature8"
1.26295428488079,0.781859184600258,-1.04571765178674,-0.124434986420556,4.21998087453944,3.74726354362153,1.62439794272661,6.16240208655316
-0.326233360705649,-0.776776621764597,-0.896211263960579,1.46674459318725,1.36155553983645,5.96267065111815,6.29529198873808,5.75858613415313
1.3297992629225,-0.615989907707918,1.26938716360704,0.673928676437573,6.31836142043905,8.39054216788524,5.8975884535628,4.37851824812925
1.2724293214294,0.0465803028049967,0.593840948597503,1.95642526324584,5.91924334534624,1.47754741217461,7.05260431652038,6.77278000261849
0.414641434456408,-1.13038577760069,0.775634318883504,-0.269041012302505,8.233252673659,5.3960260302111,7.149956445621,1.71627050018338
-1.53995004190371,0.576718781896486,1.55737037634497,-1.24455151835265,1.28761901049993,5.79469819760162,5.91661922600069,3.02287251698286
-0.928567034713538,-1.28074943178832,-0.36540179688389,-0.395702922504304,4.42635223366456,5.05845098996215,6.26317351617222,4.51199314101809
-0.29472044679056,1.62544730346494,0.816556448748125,0.0973966545894214,8.50064377733757,10.1205467774419,3.83906720301475,5.31211385144558
-0.00576717274753696,-0.500696596002705,-0.0606347781205525,-0.238386950059767,5.23282722541895,7.5142554231691,8.16838428440688,5.20410391656848
2.40465338885795,1.67829720781629,-0.501378317795089,-0.411827956549895,7.76850631650522,3.93092462876912,1.4720141198459,4.42508365673434
0.76359346114046,-0.412519887482398,0.92606272533302,-1.57721804889482,6.14844182528074,3.74954514284993,1.23875605951954,4.41361022724355
-0.799009248989368,-0.97228683550556,0.0369376908421676,-0.797276095360855,5.27298162405731,6.82769737369924,2.41656191194288,5.93895411611444
-1.14765700923635,0.0253828675878054,-1.06620017351302,-1.09623678280656,6.82843197793626,7.01439906935565,6.81934089260585,3.67482297542558
-0.289461573688223,0.0274753367451927,-0.238456353279063,0.308308748669135,1.39834736409337,6.43858364654364,2.78448863585738,0.619254668410227
-0.299215117897316,-1.68018272239593,1.49522344384323,0.344795123663022,4.3202387217369,3.79057667829143,4.23175225056875,5.00770934336059
-0.411510832795067,1.05375086302862,1.17215854698947,1.5396480875188,6.21252914438789,6.07810881287306,5.16546966742272,6.72588565812227
0.252223448156132,-1.11959910457218,-1.45770721012238,-0.329514192388179,7.68226062118578,4.8463382289391,4.03223505196995,6.96044671817124
-0.891921127284569,0.335617209968815,0.095056226988643,0.948389350742072,6.53457457567987,8.69983912065247,0.830517749176474,4.41655045779153
0.435683299355719,0.494795767113158,0.847664963596026,-0.479255586781397,5.38745133388655,3.29018489730722,7.33517392785102,4.87797304833373
-1.23753842192996,0.138052708711737,-1.62436452976059,-1.5148867950016,7.28113338107626,5.06527458978672,4.84634845855538,8.02373680236895
-0.224267885278309,-0.118792025778828,1.40856335683396,0.434536655869661,5.02772960894392,2.94988103849291,6.06084279054614,3.71278187015415
0.377395645981701,0.197684262345795,-0.541760362101113,-0.519536667015539,2.7893881796995,3.03550184886953,5.00981759162193,4.73809904112887
0.133336360814841,-1.06869271125479,0.278664724106355,-0.834559033019062,4.94967472184168,5.00820391391363,3.93953714025929,5.97042290681761
0.804189509744908,-0.803213217364741,-0.193972744670297,-0.756647609353339,4.67265332472434,4.53314564417551,5.20440481977578,3.70963513090598
-0.0571067743838088,-1.11376513631953,1.57615818121873,1.0895034952023,5.74011949576263,4.00222356179277,6.63091927113433,4.07208756071925
0.503607972233726,1.58009168370384,-1.47554763526052,1.57243291747915,4.23835092778535,8.09942592576808,1.98695627399949,6.13449939394531
1.08576936214569,1.49781876103841,-0.144608207310541,1.00736436564955,6.30590473861631,5.17499383300973,2.68563965634399,3.553184332481
-0.69095383969683,0.262645458662762,-1.07501019081817,-0.273157993075658,9.12268361214708,7.6374022611301,7.60310987456606,5.91176910741745
-1.28459935387219,-1.23290119957126,0.406542731944926,-1.30967954169979,1.4067101261695,3.0375517618611,3.18871844985593,2.60413074723217
0.046726172188352,-0.00372353379218051,2.22926220164091,0.222573830859894,6.16815424896172,4.50875482471062,5.03112696185949,0.963638899850663
-0.235706556439501,1.51167228281089,-1.51449700825033,1.11343318380002,3.55449375211526,2.19213232616197,2.1439896069024,6.23944680993904
-0.542888255010254,-0.475698284429534,-0.0617074220120377,0.837394397366885,3.7416706700646,7.88178629461981,6.37595940312066,4.73428506779813
-0.433310317456782,0.797916437531079,-0.147270790038966,0.314516768320976,1.36758789051507,3.0372800181255,6.18839300289768,4.13007852087131
-0.649471646796233,-0.974002561112527,1.54159306882696,0.222218072141828,4.48142180327664,7.94848980785185,4.45936951199183,3.95649164251695
0.726750747385451,0.689372697765473,-0.981855668803871,-0.843615389920893,5.6692645469545,3.01760550945586,8.10815215228392,6.98457685124241
1.1519117540872,-0.955839103276798,0.496578172661699,0.443805325637898,2.14566477466903,4.81100531084892,3.97851508366773,2.82915518429768
0.992160365445798,-1.2317070584141,1.69694788072309,0.0557971109294442,8.87725646628556,-0.750283367648311,4.41631452860066,6.9196648274778
-0.429513109491881,-0.956891881325619,-0.260736308568123,0.0679723895219651,3.48093957360004,4.5062677983258,7.20287633007294,2.92197891824864
1.23830410085338,-0.869782873686493,-0.705928585667662,-0.201961742355295,0.442447716886033,5.02948897959634,5.91733042939757,4.72431606520363
-0.279346281854269,-0.910680682493289,-0.161178506172346,-1.15801525404242,4.7718984670621,1.16182459340631,6.70381607868921,4.57058316386822
1.75790308981071,0.741276305260208,0.501321827723727,-0.592743270074932,9.70371333127232,4.4243725125998,7.93239983773699,6.14743716997124
0.560746090888056,0.0685115332771444,-1.01353967049479,0.766065384004004,8.19264160652615,4.30672510919022,5.48772658981201,1.44710137017491
-0.452783972553158,-0.323750754587962,1.61475223546813,0.0389281166521254,7.55489102207139,1.32082283070623,6.29884386782814,4.48721540967659
-0.832043296117832,-1.0865030469937,0.0056419848524955,0.0146468124751784,6.5779417162656,6.79717788184658,3.7177636878832,4.7228987278804
-1.16657054708471,-1.01592894685489,-2.90489906034557,-0.186316968051532,5.92293076455608,2.57428997804386,5.92891954133022,6.11536994869154
-1.0655905803883,-0.767790184730859,-1.10716481896875,1.400590827286,4.12386173234998,4.56207153655048,4.38159910571328,7.24469257790456
-1.563782051071,-1.11972006112698,1.54756693261827,0.0184855701138565,1.98438598144627,6.12853632130234,7.55204141780263,3.03570558510727
1.15653699715018,-0.448174236603396,-0.976830350346719,0.249196011650468,0.554107737330444,3.94913124860086,4.90477756000939,5.6538111119233
0.83204712857239,0.47173637445323,-0.101503447631726,0.149220735674139,2.64265511517898,6.48874844990806,5.06020233193739,5.89565321678381
-0.227328691424755,-1.18049068288428,0.0426502497966979,-0.963233180453732,1.43447955256711,5.25796350639295,4.99283945998825,7.3674482405822
0.266137361672105,1.47025699708299,-1.5967180142972,-0.066466774077509,3.0241617214847,7.97654851370938,0.930854713833373,4.82276616690864
-0.376702718583628,-1.31142059162488,0.490967372597059,1.28692204113243,6.456977376751,3.67463609770053,3.01436007482239,7.2939957606619
2.44136462889459,-0.0965249227629818,0.421603365384753,0.458125259404666,3.23063017092277,2.67868999705991,8.92771611211159,5.17362514658078
-0.795339117255372,2.36971990795134,1.8739038985953,-1.45202829014615,1.92311716568295,5.71754846899474,6.41305754603771,4.40998993162817
-0.0548774737115786,0.890626476437422,1.03451432394433,0.0773422769223313,3.05554639481829,4.61030723161434,5.07934995943348,6.02466587764645
0.250141322854153,-0.252183161390947,0.0818103103540139,0.559895272977426,1.56372761935303,4.40943598397167,4.68296282074132,5.56662726904068
0.618243293566247,-0.865763754844262,-0.0825237620171641,-0.0749465699592845,6.60751507842852,5.99328084743988,4.67548489761514,5.76908743245164
-0.172623502645857,0.582585999886443,0.606073430862101,0.782697697763641,1.99642566007066,5.9698255763324,5.87764382330591,7.00960867796005
-2.22390027400994,-0.0125293469957165,-0.887420145317098,-0.172668563946202,4.7090018577383,5.0375690010595,6.56139858409954,4.42806841745274
-1.26361438497058,-0.374854762113895,0.105421390193765,-1.05129377839765,6.15891722461397,6.26954912935384,3.03758875594494,4.52532021866781
0.358728895971352,0.317885735092473,0.352874473318477,0.729451278793333,7.40305115226221,6.50888817521014,4.71682853633456,4.59265126550573
-0.0110454784656636,-0.488805634836622,0.550393358455052,0.262665242690766,8.78782157309447,6.6671780697161,2.48750209406661,7.14494401129787
-0.940649162618608,2.65865802699847,-1.13433096851684,0.543657859153496,1.47954731300775,6.9315225924353,4.14193264802978,8.90055557130897
-0.115825322156954,1.68027820468955,1.46235153874643,1.04106029830068,6.84909360538209,7.58775993582192,6.01755253245444,6.92890813368756
-0.814968708869917,0.779584009075853,0.702116710667574,0.197506153702218,3.88691566401049,4.72689795830517,2.10622051419622,7.07680917684834
0.242263480859686,0.713240520112821,2.50711114848337,-1.62957828731799,4.63883172361203,4.11972262373012,7.03902565739823,8.53774720746799
-1.4250983947325,-0.542881937111931,-1.89002714362402,0.121040232381148,7.89488057061987,2.5454321710802,7.35709395181398,3.85669970598961
0.36594112304922,0.885778373900932,-0.589812790191171,-1.63742195215184,3.78573709433095,4.52469386095469,4.97948246958406,2.05943422043308
0.248412648872596,-0.348594684510753,-1.71450229684582,-0.531043106001539,6.35872486056608,3.14628368659138,5.53724974227194,2.77926711086295
0.0652881816716207,-1.00805457816954,-0.420997897816696,0.953679791971826,4.81288471922267,5.8224707116018,7.68405774491704,5.50880677823244
0.0191563916602738,1.8831825423826,0.310141376504687,-1.72065066207719,4.01982741650238,4.60227084636379,3.83278711404497,5.04668936187836
0.257338377155533,-0.928971079201175,1.7025705860145,0.106320619859132,7.82131876659129,3.88510072127901,3.12599821837516,-0.431850589011611
-0.649010077708898,-0.294196453606913,-0.443384804363927,-0.608668496581175,4.55085242049853,3.04568575514761,2.69568588784179,7.37057850285331
-0.119168762418038,-0.614950270796355,-1.19859708331809,-0.30119698261967,4.57500902093737,5.12147049745777,3.0496331383428,4.56048960498477
0.66413569989411,-0.947075791741019,-0.307380914225499,0.97620252467742,6.39275694749854,3.80554104081899,3.57717280347023,4.88665447864684
1.10096910219409,0.598975149810314,0.621054202738181,0.456008669372078,6.83036501043158,2.48210260504998,5.74382495236652,5.81312901887917
0.14377148075807,-1.52361488237755,0.181902191404274,1.29440806741572,3.15325136830661,2.17990559686117,3.1129711653907,2.38114010071982
-0.117753598165951,-0.206189002117285,1.31840093119247,-1.13320220614012,7.29374652581237,7.20260815884432,4.45126538386518,3.58661742624624
-0.912068366948338,-0.574295414301406,-0.298909313430662,-0.869460350794448,3.72826991370422,3.64551594743872,5.30893698825037,7.06778333987582
-1.43758624082998,-1.39016603663508,-1.64822174215883,-0.754970291860224,3.22711338304546,3.47565298489861,2.4226935969579,8.94552193489652
-0.797089525071965,-0.0704173825071551,0.951498469625503,-0.129635350270913,0.333726630593124,4.41650279595103,7.83820463761344,6.37505014698664
1.25408310644997,-0.430879529604084,-1.11312295310141,-1.00180133547677,4.70901839064803,3.84962294125654,7.61565552343239,6.47648509993909
0.77214218580453,-0.592225372961588,0.616966475689082,-0.819868279271295,5.63392804761598,4.11211626362608,1.39004845236795,1.58345953635856
-0.21951562675344,0.981116159906615,0.51349371648542,-0.97455246871443,3.58506002438768,4.37485911207497,4.03186094697175,7.10523958146231
-0.424810283377287,0.532409356670506,0.369459103731026,0.604309408711484,7.48431111612934,3.79399114721029,4.25357643986822,7.24647821791243
-0.418980099421959,-0.0904561242409946,1.72389413060593,0.548787588178333,6.24030439044936,2.81213055994164,5.33817180442268,4.29081598849915
0.996986860909106,0.15649049169609,-0.20614456663921,0.916432656837769,5.19980613517924,6.42941238264365,2.65403279435525,5.37647770664169
-0.275778029088027,-0.737311690839969,-1.3141951399,2.66156636665324,8.6154069753499,4.78237547353862,4.24760652607811,6.84760005455919
1.2560188173061,-0.20134120587218,0.0634740962758665,-0.180257065442337,1.99514004229964,2.11240412932943,6.56625527928709,9.30540168617872
0.646674390495345,1.10217659507369,-0.231977451166617,0.68501476610822,5.57128093042247,6.61224652718443,6.982342608863,2.78052131465997
1.29931230256343,-0.0167482561518744,0.635060327591448,3.26641451887544,6.69141392875299,1.52032984339346,5.4585689496234,7.05901644415305
-0.873262111744435,0.161788633557242,1.63464428548373,0.560600459600547,3.00931472480155,4.19735938100007,5.67370189735198,7.75430949949652
0.00837095999603331,2.02476139007773,-1.8083275793549,-0.0690172974981693,4.48629175089669,4.42483502249735,3.70553600162064,6.82962210375197
-0.880871723252545,-0.703694253898738,-0.213885951496312,-0.972442935975363,4.88828791340309,3.12318519989728,4.11358663586685,5.58724686290692
0.59625901661066,0.960792383950527,0.0703661412851472,-0.546586585745158,4.10998952026572,5.5753342775907,7.32350352152619,4.69652275060323
0.119717641289537,1.79048505353782,0.549707669586251,-1.68869232799013,5.1393902060356,1.98919775134398,5.13010202077469,5.32978287946735
-0.282173877322451,-1.06416516333343,-0.696823546014336,-1.57237269904962,4.69065658796637,8.03859402662515,3.63506483939537,6.73715486110855
1.45598840106634,0.0176365464246015,0.390565942370209,-0.404987158484371,3.337473081182,5.73481871190169,8.26868331698638,2.84393101323588
0.229019590694692,-0.38990862930585,0.381411259099482,0.319286417955088,6.52308870468982,8.39972481761935,3.83030151118778,2.55533606350798
0.996543928544126,-0.490832752366552,-0.0123727697837412,0.0404276816430874,3.84698613493975,6.28839395455384,7.25987200118707,3.57711060794395
